date,cpi_all,cpi_core,cpi_food,cpi_energy,cpi_vehicles,cpi_shelter,gscpi,cpi_all_yoy,cpi_core_yoy,cpi_food_yoy,cpi_energy_yoy,cpi_vehicles_yoy,cpi_shelter_yoy,gscpi_lag1,gscpi_lag3,gscpi_lag6,gscpi_lag12
2000-01-01,169.3,179.3,165.6,115.0,153.9,190.6,-0.6137752777684249,,,,,,,,,,
2000-02-01,170.0,179.4,166.2,118.8,153.0,190.9,-0.4467672594529421,,,,,,,-0.6137752777684249,,,
2000-03-01,171.0,180.0,166.5,124.3,153.0,191.6,-0.2948989858950364,,,,,,,-0.4467672594529421,,,
2000-04-01,170.9,180.3,166.7,120.9,154.0,191.9,0.10378834556119033,,,,,,,-0.2948989858950364,-0.6137752777684249,,
2000-05-01,171.2,180.7,167.3,120.0,155.4,192.4,0.27116489613961015,,,,,,,0.10378834556119033,-0.4467672594529421,,
2000-06-01,172.2,181.1,167.4,126.8,155.7,193.1,0.039665441336727704,,,,,,,0.27116489613961015,-0.2948989858950364,,
2000-07-01,172.7,181.5,168.3,127.3,155.3,193.6,-0.017899006704946773,,,,,,,0.039665441336727704,0.10378834556119033,-0.6137752777684249,
2000-08-01,172.7,181.9,168.7,123.8,155.2,194.1,0.08125842543351819,,,,,,,-0.017899006704946773,0.27116489613961015,-0.4467672594529421,
2000-09-01,173.6,182.3,168.9,129.2,156.2,194.7,0.040410570164300004,,,,,,,0.08125842543351819,0.039665441336727704,-0.2948989858950364,
2000-10-01,173.9,182.6,169.0,129.6,157.9,195.3,-0.5391248098406074,,,,,,,0.040410570164300004,-0.017899006704946773,0.10378834556119033,
2000-11-01,174.2,183.1,169.2,129.2,159.3,195.8,-0.760042653877631,,,,,,,-0.5391248098406074,0.08125842543351819,0.27116489613961015,
2000-12-01,174.6,183.3,170.0,130.1,160.2,196.1,-0.9471458911186098,,,,,,,-0.760042653877631,0.040410570164300004,0.039665441336727704,
2001-01-01,175.6,183.9,170.3,135.0,160.4,196.8,-0.9376886139469566,3.7212049616065945,2.5655326268823275,2.838164251207731,17.391304347826097,4.223521767381411,3.2528856243441817,-0.9471458911186098,-0.5391248098406074,-0.017899006704946773,-0.6137752777684249
2001-02-01,176.0,184.4,171.2,134.1,160.4,197.5,-0.7843328163401582,3.529411764705892,2.7870680044593144,3.0084235860409203,12.878787878787868,4.8366013071895475,3.457307490832884,-0.9376886139469566,-0.760042653877631,0.08125842543351819,-0.4467672594529421
2001-03-01,176.1,184.7,171.7,131.7,159.9,198.3,-0.6060851458422107,2.9824561403508643,2.6111111111110974,3.123123123123106,5.953338696701516,4.509803921568634,3.4968684759916657,-0.7843328163401582,-0.9471458911186098,0.040410570164300004,-0.2948989858950364
2001-04-01,176.4,185.1,172.1,132.3,159.7,198.8,-1.0188621656986596,3.2182562902282053,2.66222961730449,3.2393521295740912,9.429280397022332,3.701298701298694,3.595622720166758,-0.6060851458422107,-0.9376886139469566,-0.5391248098406074,0.10378834556119033
2001-05-01,177.3,185.3,172.4,138.4,159.1,199.6,-1.1382652953961152,3.5630841121495394,2.54565578306587,3.048416019127309,15.333333333333332,2.3809523809523725,3.7422037422037313,-1.0188621656986596,-0.7843328163401582,-0.760042653877631,0.27116489613961015
2001-06-01,177.7,186.0,173.1,136.9,158.9,200.5,-0.7156443270085076,3.193960511033689,2.705687465488693,3.4050179211469356,7.965299684542604,2.055234425176633,3.8322112894873195,-1.1382652953961152,-0.6060851458422107,-0.9471458911186098,0.039665441336727704
2001-07-01,177.4,186.4,173.6,129.6,158.3,200.9,-0.8707576182665925,2.7214823393167498,2.6997245179063434,3.149138443256083,1.806755695208162,1.931745009658714,3.7706611570248016,-0.7156443270085076,-1.0188621656986596,-0.9376886139469566,-0.017899006704946773
2001-08-01,177.4,186.7,174.0,127.3,158.0,201.8,-0.8207076337976564,2.7214823393167498,2.638812534359536,3.141671606401908,2.8271405492730217,1.804123711340222,3.967027305512638,-0.8707576182665925,-1.1382652953961152,-0.7843328163401582,0.08125842543351819
2001-09-01,178.1,187.1,174.2,130.9,157.3,202.0,-0.7116098475617266,2.5921658986175045,2.6330224904004274,3.1379514505624595,1.3157894736842257,0.7042253521126973,3.749357986646129,-0.8207076337976564,-0.7156443270085076,-0.6060851458422107,0.040410570164300004
2001-10-01,177.6,187.4,174.8,122.9,157.8,202.5,-1.2329363417605332,2.127659574468077,2.6286966046002336,3.4319526627218933,-5.169753086419748,-0.06333122229258414,3.686635944700445,-0.7116098475617266,-0.8707576182665925,-1.0188621656986596,-0.5391248098406074
2001-11-01,177.5,188.1,174.9,116.9,157.4,203.5,-1.4584731528903323,1.894374282433997,2.730748225013646,3.3687943262411535,-9.520123839009276,-1.1927181418706856,3.93258426966292,-1.2329363417605332,-0.8207076337976564,-1.1382652953961152,-0.760042653877631
2001-12-01,177.4,188.4,174.7,113.9,157.2,204.3,-1.2087046438019096,1.603665521191311,2.782324058919805,2.764705882352936,-12.451960030745568,-1.8726591760299671,4.181540030596653,-1.4584731528903323,-0.7116098475617266,-0.7156443270085076,-0.9471458911186098
2002-01-01,177.7,188.7,175.3,114.2,155.6,205.1,-0.955275167326431,1.1958997722095743,2.610114192495905,2.9359953024075125,-15.407407407407403,-2.9925187032418976,4.217479674796731,-1.2087046438019096,-1.2329363417605332,-0.8707576182665925,-0.9376886139469566
2002-02-01,178.0,189.1,175.7,113.5,153.9,206.0,-0.4980624104582401,1.1363636363636465,2.5488069414316694,2.6285046728971917,-15.361670395227433,-4.052369077306728,4.303797468354431,-0.955275167326431,-1.4584731528903323,-0.8207076337976564,-0.7843328163401582
2002-03-01,178.5,189.2,176.1,117.6,152.1,206.3,-0.4659584857556902,1.3628620102214661,2.4363833243096877,2.5626092020966773,-10.70615034168565,-4.878048780487809,4.034291477559249,-0.4980624104582401,-1.2087046438019096,-0.7116098475617266,-0.6060851458422107
2002-04-01,179.3,189.7,176.4,121.5,151.8,207.0,-0.6160585327944995,1.643990929705219,2.485143165856285,2.498547356188263,-8.163265306122458,-4.94677520350656,4.124748490945662,-0.4659584857556902,-0.955275167326431,-1.2329363417605332,-1.0188621656986596
2002-05-01,179.5,190.0,175.8,121.9,151.8,207.4,-0.33718261352296,1.2408347433727984,2.5364274150026844,1.9721577726218076,-11.92196531791907,-4.5883092394720215,3.9078156312625234,-0.6160585327944995,-0.4980624104582401,-1.4584731528903323,-1.1382652953961152
2002-06-01,179.6,190.2,175.9,121.6,152.2,207.8,-0.6403322696041935,1.0692177827799743,2.2580645161290214,1.6175621028307496,-11.176040905770645,-4.216488357457527,3.6408977556109834,-0.33718261352296,-0.4659584857556902,-1.2087046438019096,-0.7156443270085076
2002-07-01,180.0,190.5,176.1,122.4,152.7,208.2,-0.9705127977823483,1.465614430665152,2.1995708154506355,1.440092165898621,-5.5555555555555465,-3.5375868603916727,3.633648581383775,-0.6403322696041935,-0.6160585327944995,-0.955275167326431,-0.8707576182665925
2002-08-01,180.5,191.1,176.1,123.1,153.4,208.9,-1.1013658453846173,1.747463359639223,2.3567220139260936,1.2068965517241237,-3.2992930086410133,-2.9113924050632844,3.5183349851337864,-0.9705127977823483,-0.33718261352296,-0.4980624104582401,-0.8207076337976564
2002-09-01,180.8,191.3,176.5,123.7,152.2,209.4,-1.1740984170612543,1.516002245929271,2.2447888829502993,1.3203214695752141,-5.500381970970203,-3.2422123331214414,3.6633663366336666,-1.1013658453846173,-0.6403322696041935,-0.4659584857556902,-0.7116098475617266
2002-10-01,181.2,191.5,176.4,126.9,150.7,209.7,-1.276846768918749,2.0270270270270174,2.187833511205972,0.9153318077803174,3.2546786004882033,-4.499366286438544,3.5555555555555562,-1.1740984170612543,-0.9705127977823483,-0.6160585327944995,-1.2329363417605332
2002-11-01,181.5,191.9,176.9,126.7,148.8,210.4,-0.7803375600087268,2.2535211267605604,2.020202020202033,1.1435105774728394,8.383233532934131,-5.463786531130877,3.3906633906633843,-1.276846768918749,-1.1013658453846173,-0.33718261352296,-1.4584731528903323
2002-12-01,181.8,192.1,177.1,127.1,148.5,210.8,-0.7265741208916274,2.4802705749718212,1.9639065817409707,1.3737836290784289,11.589113257243188,-5.534351145038164,3.1815956926089184,-0.7803375600087268,-1.1740984170612543,-0.6403322696041935,-1.2087046438019096
2003-01-01,182.6,192.4,177.1,133.5,148.3,211.5,-0.6584145089235026,2.757456387169399,1.9607843137255054,1.026811180832854,16.900175131348515,-4.691516709511556,3.1204290589956107,-0.7265741208916274,-1.276846768918749,-0.9705127977823483,-0.955275167326431
2003-02-01,183.6,192.5,178.1,140.8,148.4,211.6,-0.3294774479454616,3.146067415730336,1.7979904812268632,1.3659647125782604,24.05286343612336,-3.573749187784281,2.7184466019417375,-0.6584145089235026,-0.7803375600087268,-1.1013658453846173,-0.4980624104582401
2003-03-01,183.9,192.5,178.4,143.9,148.5,211.5,-0.3524777953468706,3.025210084033625,1.744186046511631,1.3060760931289161,22.36394557823129,-2.3668639053254448,2.5206010664081457,-0.3294774479454616,-0.7265741208916274,-1.1740984170612543,-0.4659584857556902
2003-04-01,183.2,192.5,178.5,136.5,148.4,211.6,-0.5821230784961855,2.175125488008911,1.4760147601476037,1.1904761904761862,12.34567901234569,-2.2397891963109373,2.2222222222222143,-0.3524777953468706,-0.6584145089235026,-1.276846768918749,-0.6160585327944995
2003-05-01,182.9,192.9,178.8,129.4,147.9,212.6,-0.2082704180545253,1.8941504178273005,1.5263157894736867,1.7064846416382284,6.1525840853158265,-2.5691699604743157,2.507232401157178,-0.5821230784961855,-0.3294774479454616,-0.7803375600087268,-0.33718261352296
2003-06-01,183.1,193.0,179.7,129.8,147.4,212.6,-0.14596958512601224,1.948775055679297,1.4721345951629994,2.1603183627060707,6.743421052631593,-3.1537450722733174,2.3099133782483072,-0.2082704180545253,-0.3524777953468706,-0.7265741208916274,-0.6403322696041935
2003-07-01,183.7,193.4,179.8,132.2,145.7,213.2,-0.025419254552308295,2.055555555555544,1.522309711286085,2.1010789324247714,8.006535947712411,-4.584151931892599,2.401536983669539,-0.14596958512601224,-0.5821230784961855,-0.6584145089235026,-0.9705127977823483
2003-08-01,184.5,193.6,180.5,137.8,143.3,213.6,-0.09005989161638614,2.216066481994461,1.3082155939298845,2.498580352072688,11.941510966693759,-6.584093872229458,2.249880325514586,-0.025419254552308295,-0.2082704180545253,-0.3294774479454616,-1.1013658453846173
2003-09-01,185.1,193.7,180.9,142.9,139.0,214.0,0.05705488385081598,2.378318584070782,1.2545739675901668,2.4929178470255,15.521422797089745,-8.672798948751637,2.1967526265520565,-0.09005989161638614,-0.14596958512601224,-0.3524777953468706,-1.1740984170612543
2003-10-01,184.9,194.0,181.6,137.8,135.1,214.7,-0.2970333876568577,2.041942604856528,1.305483028720622,2.947845804988658,8.589440504334123,-10.351692103516918,2.3843586075345646,0.05705488385081598,-0.025419254552308295,-0.5821230784961855,-1.276846768918749
2003-11-01,185.0,194.0,182.6,136.9,132.0,215.1,-0.4484585435864284,1.9283746556473913,1.094319958311618,3.2221594120972252,8.050513022888705,-11.290322580645174,2.2338403041824995,-0.2970333876568577,-0.09005989161638614,-0.2082704180545253,-0.7803375600087268
2003-12-01,185.5,194.2,183.5,138.8,131.0,215.5,-0.4022972403032158,2.0352035203520247,1.0931806350858997,3.613777526821016,9.20535011801733,-11.784511784511785,2.2296015180265583,-0.4484585435864284,0.05705488385081598,-0.14596958512601224,-0.7265741208916274
2004-01-01,186.3,194.6,183.4,143.9,131.8,215.9,-0.5439243493125121,2.026286966046009,1.1434511434511352,3.5573122529644285,7.7902621722846455,-11.126095751854347,2.0803782505910196,-0.4022972403032158,-0.2970333876568577,-0.025419254552308295,-0.6584145089235026
2004-02-01,186.7,194.9,183.9,145.8,131.8,215.8,-0.4203656419617361,1.688453159041381,1.2467532467532516,3.2565974171813616,3.5511363636363535,-11.185983827493262,1.9848771266540721,-0.5439243493125121,-0.4484585435864284,-0.09005989161638614,-0.3294774479454616
2004-03-01,187.1,195.5,184.2,145.1,131.8,217.0,-0.05582110922227289,1.7400761283306032,1.558441558441559,3.2511210762331766,0.8339124391938846,-11.245791245791237,2.6004728132387633,-0.4203656419617361,-0.4022972403032158,0.05705488385081598,-0.3524777953468706
2004-04-01,187.4,195.9,184.6,143.4,131.6,217.8,0.36426818948924417,2.2925764192139875,1.7662337662337713,3.4173669467786993,5.054945054945059,-11.32075471698114,2.930056710775064,-0.05582110922227289,-0.5439243493125121,-0.2970333876568577,-0.5821230784961855
2004-05-01,188.2,196.2,186.1,147.6,131.8,218.5,0.30338374846979943,2.8977583378895444,1.710730948678063,4.082774049216997,14.064914992272026,-10.88573360378634,2.775164628410165,0.36426818948924417,-0.4203656419617361,-0.4484585435864284,-0.2082704180545253
2004-06-01,188.9,196.6,186.4,151.5,129.9,218.9,0.3806846673162252,3.1676679410158393,1.865284974093262,3.7284362826933926,16.718027734976882,-11.872455902306644,2.9633113828786417,0.30338374846979943,-0.05582110922227289,-0.4022972403032158,-0.14596958512601224
2004-07-01,189.1,196.8,186.8,151.1,130.9,219.3,-0.5029052646286729,2.939575394665228,1.7580144777662898,3.8932146829810943,14.296520423600612,-10.157858613589553,2.861163227016905,0.3806846673162252,0.36426818948924417,-0.5439243493125121,-0.025419254552308295
2004-08-01,189.2,196.9,187.0,151.5,132.0,219.6,0.07913126523017841,2.5474254742547275,1.7045454545454586,3.6011080332410073,9.941944847605221,-7.885554780181447,2.8089887640449396,-0.5029052646286729,0.30338374846979943,-0.4203656419617361,-0.09005989161638614
2004-09-01,189.8,197.5,186.9,152.9,135.5,220.4,-0.03497279563323074,2.5391680172879516,1.961796592669085,3.316749585406309,6.997900629811049,-2.517985611510787,2.9906542056074903,0.07913126523017841,0.3806846673162252,-0.05582110922227289,0.05705488385081598
2004-10-01,190.8,197.9,187.8,158.6,136.7,220.7,-0.6198315943788191,3.1909140075716547,2.0103092783505083,3.4140969162995694,15.094339622641506,1.1843079200592133,2.7945971122496527,-0.03497279563323074,-0.5029052646286729,0.36426818948924417,-0.2970333876568577
2004-11-01,191.7,198.3,188.4,163.8,137.7,220.9,-0.04878710248474033,3.621621621621607,2.216494845360839,3.1763417305586072,19.649379108838573,4.318181818181799,2.6964202696420303,-0.6198315943788191,0.07913126523017841,0.30338374846979943,-0.4484585435864284
2004-12-01,191.7,198.6,188.4,162.3,138.4,221.3,0.08866145049336345,3.3423180592991875,2.2657054582904346,2.670299727520442,16.930835734870307,5.648854961832073,2.691415313225054,-0.04878710248474033,-0.03497279563323074,0.3806846673162252,-0.4022972403032158
2005-01-01,191.6,199.0,188.7,157.2,138.6,221.7,-0.13354454273463273,2.8448738593666034,2.261048304213764,2.8898582333696687,9.24252953439888,5.159332321699539,2.6864289022695553,0.08866145049336345,-0.6198315943788191,-0.5029052646286729,-0.5439243493125121
2005-02-01,192.4,199.4,188.6,161.8,138.4,222.5,-0.19262222194266032,3.0530262453133394,2.308876346844535,2.5557368134855762,10.973936899862835,5.0075872534142585,3.1047265987024897,-0.13354454273463273,-0.04878710248474033,0.07913126523017841,-0.4203656419617361
2005-03-01,193.1,200.1,189.1,163.5,138.3,223.7,-0.2972434378432299,3.2068412613575736,2.35294117647058,2.660152008686212,12.68090971743625,4.931714719271629,3.0875576036866414,-0.19262222194266032,0.08866145049336345,-0.03497279563323074,-0.05582110922227289
2005-04-01,193.7,200.2,190.4,166.7,138.4,223.7,-1.340212551230147,3.3617929562433257,2.1949974476773715,3.1419284940411796,16.24825662482565,5.167173252279644,2.708907254361792,-0.2972434378432299,-0.13354454273463273,-0.6198315943788191,0.36426818948924417
2005-05-01,193.6,200.5,190.6,163.3,138.8,223.8,-1.0173359273183618,2.869287991498415,2.1916411824668858,2.4180548092423537,10.636856368563707,5.31107738998482,2.425629290617848,-1.340212551230147,-0.19262222194266032,-0.04878710248474033,0.30338374846979943
2005-06-01,193.7,200.6,190.5,163.7,139.3,224.0,-0.9537454000729431,2.541026998411855,2.0345879959308144,2.1995708154506355,8.052805280528052,7.23633564280215,2.3298309730470423,-1.0173359273183618,-0.2972434378432299,0.08866145049336345,0.3806846673162252
2005-07-01,194.9,200.9,190.9,172.8,139.9,224.6,-0.8925387351857725,3.067160232681121,2.083333333333326,2.1948608137045023,14.36135009927202,6.875477463712754,2.4167806657546587,-0.9537454000729431,-1.340212551230147,-0.13354454273463273,-0.5029052646286729
2005-08-01,196.1,201.1,191.1,183.5,140.1,224.9,-0.5353366815377493,3.6469344608879517,2.1330624682579957,2.1925133689839615,21.12211221122111,6.136363636363629,2.4134790528233196,-0.8925387351857725,-1.0173359273183618,-0.19262222194266032,0.07913126523017841
2005-09-01,198.8,201.3,191.5,208.2,140.3,224.6,0.037241708670882334,4.741833508956805,1.9240506329113893,2.461209202782233,36.16742969260953,3.542435424354262,1.9056261343012748,-0.5353366815377493,-0.9537454000729431,-0.2972434378432299,-0.03497279563323074
2005-10-01,199.1,202.0,192.0,205.9,140.2,225.8,-0.10144286051388966,4.350104821802936,2.071753410813537,2.2364217252396124,29.823455233291305,2.560351133869787,2.3108291798822123,0.037241708670882334,-0.8925387351857725,-1.340212551230147,-0.6198315943788191
2005-11-01,198.1,202.5,192.6,191.0,140.3,226.5,-0.6504933629316174,3.3385498174230532,2.1180030257186067,2.2292993630573132,16.60561660561659,1.8881626724764233,2.5350837483024025,-0.10144286051388966,-0.5353366815377493,-1.0173359273183618,-0.04878710248474033
2005-12-01,198.1,202.8,192.9,187.6,140.2,227.1,-0.7306611962818979,3.3385498174230532,2.114803625377659,2.3885350318471277,15.588416512630921,1.300578034682065,2.6208766380478865,-0.6504933629316174,0.037241708670882334,-0.9537454000729431,0.08866145049336345
2006-01-01,199.3,203.2,193.6,196.6,140.3,227.5,-0.3980969363334897,4.018789144050117,2.1105527638190846,2.596714361420238,25.063613231552175,1.2265512265512424,2.616147947677039,-0.7306611962818979,-0.10144286051388966,-0.8925387351857725,-0.13354454273463273
2006-02-01,199.4,203.6,193.7,194.1,140.4,228.3,-0.7684673611406923,3.63825363825363,2.106318956870612,2.7041357370095387,19.962917181705798,1.4450867052023142,2.6067415730337107,-0.3980969363334897,-0.6504933629316174,-0.5353366815377493,-0.19262222194266032
2006-03-01,199.7,204.3,194.0,192.0,140.8,229.3,-0.38056472427229343,3.4179181771103018,2.0989505247376306,2.5912215758857826,17.431192660550465,1.8076644974692746,2.503352704514983,-0.7684673611406923,-0.7306611962818979,0.037241708670882334,-0.2972434378432299
2006-04-01,200.7,204.8,193.8,198.5,141.0,230.1,0.09888938293218678,3.613835828600931,2.29770229770232,1.7857142857142794,19.0761847630474,1.8786127167629951,2.8609745194456915,-0.38056472427229343,-0.3980969363334897,-0.10144286051388966,-1.340212551230147
2006-05-01,201.3,205.4,194.1,199.8,141.1,231.0,0.092550851734318,3.9772727272727293,2.44389027431422,1.8363064008394492,22.351500306184935,1.6570605187319787,3.217158176943702,0.09888938293218678,-0.7684673611406923,-0.6504933629316174,-1.0173359273183618
2006-06-01,201.8,205.9,194.7,199.8,141.0,231.9,0.13381738585881942,4.1817243159525175,2.6420737786640114,2.2047244094488105,22.052535125229088,1.220387652548438,3.5267857142857073,0.092550851734318,-0.38056472427229343,-0.7306611962818979,-0.9537454000729431
2006-07-01,202.9,206.3,195.2,207.9,140.7,232.7,-0.11207595028183728,4.104669061056954,2.6879044300647026,2.2524882137244573,20.3125,0.5718370264474526,3.606411398040965,0.13381738585881942,0.09888938293218678,-0.3980969363334897,-0.8925387351857725
2006-08-01,203.8,206.8,195.7,211.9,140.4,233.5,0.05555095573867313,3.926568077511483,2.8344107409249197,2.4071166928309795,15.476839237057227,0.21413276231263545,3.823921742996883,-0.11207595028183728,0.092550851734318,-0.7684673611406923,-0.5353366815377493
2006-09-01,202.8,207.2,196.3,198.1,139.9,234.0,-0.6486285289070655,2.012072434607637,2.930948832588176,2.506527415143611,-4.851104707012488,-0.28510334996436626,4.18521816562778,0.05555095573867313,0.13381738585881942,-0.38056472427229343,0.037241708670882334
2006-10-01,201.9,207.6,196.9,184.1,139.0,235.0,-0.521606568460762,1.4063284781516971,2.7722772277227747,2.5520833333333437,-10.587663914521617,-0.8559201141226769,4.074402125775012,-0.6486285289070655,-0.11207595028183728,0.09888938293218678,-0.10144286051388966
2006-11-01,202.0,207.8,197.0,184.1,138.3,235.8,-0.23971046789217654,1.9687026754164672,2.6172839506172885,2.2845275181723856,-3.6125654450261835,-1.425516749821809,4.1059602649006655,-0.521606568460762,0.05555095573867313,0.092550851734318,-0.6504933629316174
2006-12-01,203.1,208.1,197.1,192.7,137.2,236.5,-0.4724344663359775,2.5239777889954462,2.6134122287968298,2.1772939346811793,2.718550106609796,-2.1398002853067033,4.13914575077059,-0.23971046789217654,-0.6486285289070655,0.13381738585881942,-0.7306611962818979
2007-01-01,203.437,208.6,198.378,190.281,136.169,237.255,-0.8900580222452542,2.075765178123423,2.657480314960625,2.4679752066115723,-3.2141403865717177,-2.944404846756954,4.2879120879120824,-0.4724344663359775,-0.521606568460762,-0.11207595028183728,-0.3980969363334897
2007-02-01,204.226,209.135,199.736,192.31,135.533,238.107,-0.720779053640384,2.420260782347028,2.71856581532417,3.1161590087764646,-0.922205048943836,-3.466524216524225,4.295663600525623,-0.8900580222452542,-0.23971046789217654,0.05555095573867313,-0.7684673611406923
2007-03-01,205.288,209.418,200.432,200.206,135.201,238.538,-0.5901748083752394,2.798197295943927,2.5051395007342103,3.315463917525774,4.2739583333333275,-3.9765625000000138,4.028783253379853,-0.720779053640384,-0.4724344663359775,-0.6486285289070655,-0.38056472427229343
2007-04-01,205.904,209.747,200.952,203.307,134.995,239.14,-0.840707838637016,2.5929247633283525,2.4155273437499902,3.6904024767801857,2.421662468513852,-4.25886524822695,3.9287266405910515,-0.5901748083752394,-0.8900580222452542,-0.521606568460762,0.09888938293218678
2007-05-01,206.755,210.058,201.735,208.635,134.653,239.637,-0.4205773244971573,2.709885742672613,2.267770204479058,3.933539412673892,4.421921921921901,-4.569099929128284,3.7389610389610306,-0.840707838637016,-0.720779053640384,-0.23971046789217654,0.092550851734318
2007-06-01,207.234,210.392,202.557,209.799,134.57,240.345,-0.38498326264886307,2.692765113974227,2.181641573579407,4.035439137134045,5.004504504504492,-4.560283687943267,3.641655886157813,-0.4205773244971573,-0.5901748083752394,-0.4724344663359775,0.13381738585881942
2007-07-01,207.603,210.773,203.232,209.639,134.748,240.843,-0.4525688299280715,2.3178905864958077,2.1682016480853106,4.114754098360662,0.8364598364598352,-4.2302771855010635,3.499355393210135,-0.38498326264886307,-0.840707838637016,-0.8900580222452542,-0.11207595028183728
2007-08-01,207.667,211.119,204.008,206.412,135.255,241.45,-0.12029793285716804,1.897448478900876,2.0884912959380886,4.245273377618819,-2.5899008966493664,-3.6645299145299237,3.4047109207708814,-0.4525688299280715,-0.4205773244971573,-0.720779053640384,0.05555095573867313
2007-09-01,208.547,211.554,205.003,210.742,136.022,242.037,-0.04893627091742939,2.8338264299802685,2.101351351351366,4.433520122261836,6.381625441696115,-2.771979985704087,3.4346153846153804,-0.12029793285716804,-0.38498326264886307,-0.5901748083752394,-0.6486285289070655
2007-10-01,209.19,212.077,205.651,212.386,136.707,242.581,-0.6251398819294887,3.610698365527476,2.1565510597302495,4.444388014220424,15.364475828354163,-1.6496402877697935,3.225957446808514,-0.04893627091742939,-0.4525688299280715,-0.840707838637016,-0.521606568460762
2007-11-01,210.834,212.66,206.493,223.814,137.559,243.305,-0.5041352532061288,4.373267326732666,2.3387872954764077,4.818781725888321,21.571971754481268,-0.5357917570498971,3.1827820186598688,-0.6251398819294887,-0.12029793285716804,-0.4205773244971573,-0.23971046789217654
2007-12-01,211.445,213.168,206.874,225.649,137.855,243.979,-0.16699783678973124,4.108813392417532,2.4353676117251366,4.958904109589035,17.098598858329005,0.47740524781341165,3.1623678646934605,-0.5041352532061288,-0.04893627091742939,-0.38498326264886307,-0.4724344663359775
2008-01-01,212.174,213.771,208.126,226.775,138.938,244.564,-0.39534079820820933,4.294695655165981,2.4789069990412305,4.913851334321362,19.179003684025208,2.0335024858815,3.0806516195654554,-0.16699783678973124,-0.6251398819294887,-0.4525688299280715,-0.8900580222452542
2008-02-01,212.687,213.939,208.901,229.731,138.818,244.926,0.4356210102109051,4.142959270611968,2.29708083295479,4.5885568951015365,19.458686495762056,2.4237639541661693,2.863838526376794,-0.39534079820820933,-0.5041352532061288,-0.12029793285716804,-0.720779053640384
2008-03-01,213.448,214.42,209.324,233.349,138.541,245.659,0.13818844436482933,3.9749035501344343,2.388524386633417,4.436417338548737,16.554448917614863,2.470395929024205,2.9852685945216173,0.4356210102109051,-0.16699783678973124,-0.04893627091742939,-0.5901748083752394
2008-04-01,213.942,214.56,211.127,234.778,137.659,245.608,0.12978254372351794,3.9037609759888126,2.294669292051843,5.06339822445161,15.47954571165775,1.973406422460089,2.7046918123275088,0.13818844436482933,-0.39534079820820933,-0.6251398819294887,-0.840707838637016
2008-05-01,215.208,214.936,212.019,243.924,136.393,245.902,-0.1329575037765975,4.088413823123993,2.3222157689781087,5.097776786378172,16.914228197569937,1.2922103480798919,2.614370902656926,0.12978254372351794,0.4356210102109051,-0.5041352532061288,-0.4205773244971573
2008-06-01,217.463,215.424,213.333,262.081,135.02,246.406,0.265689815289622,4.935966105947864,2.3917259211376996,5.319984004502443,24.92004251688522,0.334398454336049,2.521791591254252,-0.1329575037765975,0.13818844436482933,-0.16699783678973124,-0.38498326264886307
2008-07-01,219.016,215.965,215.434,271.149,133.709,246.863,0.9992962077281679,5.497512078341837,2.463313612274831,6.003975751850099,29.340914619894185,-0.7710689583518726,2.4995536511337235,0.265689815289622,0.12978254372351794,-0.39534079820820933,-0.4525688299280715
2008-08-01,218.69,216.393,216.528,262.566,132.535,247.208,0.277407454676522,5.308017162091239,2.4981171756213394,6.137014234735894,27.20481367362362,-2.0110162286052224,2.384758749223437,0.9992962077281679,-0.1329575037765975,0.4356210102109051,-0.12029793285716804
2008-09-01,218.877,216.713,217.768,260.125,131.176,247.723,-0.5406746503695926,4.953319875136075,2.4386208722122937,6.226738145295441,23.43291797553406,-3.562658981635325,2.3492275974334564,0.277407454676522,0.265689815289622,0.13818844436482933,-0.04893627091742939
2008-10-01,216.995,216.788,218.667,238.065,129.407,247.995,-0.9900699867920529,3.7310578899565128,2.2213629955157854,6.329169320839667,12.090721610652299,-5.339887496616836,2.2318318417353433,-0.5406746503695926,0.9992962077281679,0.12978254372351794,-0.6251398819294887
2008-11-01,213.153,216.947,219.07,195.155,128.048,248.486,-1.5118388660572464,1.0999174706166848,2.015893915169764,6.0907633672812045,-12.804829009802777,-6.914124121286136,2.129426029058168,-0.9900699867920529,0.277407454676522,-0.1329575037765975,-0.5041352532061288
2008-12-01,211.398,216.925,219.073,176.583,127.323,248.508,-0.6633446902305364,-0.02222800255385904,1.7624596562335837,5.896826087376872,-21.7443906243768,-7.639911501215046,1.8563073051369061,-1.5118388660572464,-0.5406746503695926,0.265689815289622,-0.16699783678973124
2009-01-01,211.933,217.346,219.234,178.661,126.668,248.963,-0.40729277814733544,-0.11358601902212717,1.6723503187990874,5.337151533205842,-21.216624407452322,-8.831277260360725,1.7987111758067442,-0.6633446902305364,-0.9900699867920529,0.9992962077281679,-0.39534079820820933
2009-02-01,212.705,217.792,218.949,183.721,124.405,249.087,-0.4762346519827352,0.008463140671510772,1.800980653363804,4.809933892130713,-20.027771611145205,-10.382659309311482,1.6988804781852496,-0.40729277814733544,-1.5118388660572464,0.277407454676522,0.4356210102109051
2009-03-01,212.495,218.253,218.51,178.415,122.21,249.36,0.14856032537154062,-0.4464787676623838,1.7876130957932945,4.388412222200988,-23.541562209394517,-11.78784619715464,1.5065599062114687,-0.4762346519827352,-0.6633446902305364,-0.5406746503695926,0.13818844436482933
2009-04-01,212.709,218.706,218.175,177.552,121.887,249.579,0.8213314007046703,-0.5763244243767063,1.93232662192393,3.338275066666041,-24.374515499748696,-11.457296653324512,1.6168040128986094,0.14856032537154062,-0.40729277814733544,-0.9900699867920529,0.12978254372351794
2009-05-01,213.022,218.904,217.813,179.83,122.533,249.643,0.30785687186601157,-1.015761495855172,1.8461309413034588,2.732773949504508,-26.276217182401073,-10.161811823187406,1.5213377687046226,0.8213314007046703,-0.4762346519827352,-1.5118388660572464,-0.1329575037765975
2009-06-01,214.79,219.112,217.813,197.033,123.236,249.492,-0.5377236333559763,-1.2291746182109153,1.7119726678550107,2.100003281255125,-24.819807616729182,-8.72759591171679,1.2524045680705864,0.30785687186601157,0.14856032537154062,-0.6633446902305364,0.265689815289622
2009-07-01,214.726,219.263,217.387,195.778,122.844,249.149,-0.778904664378671,-1.9587610037622771,1.5270992984974363,0.9065421428372522,-27.796893958672175,-8.125855402403737,0.9260196951345501,-0.5377236333559763,0.8213314007046703,-0.40729277814733544,0.9992962077281679
2009-08-01,215.445,219.496,217.376,201.583,125.011,249.519,-1.159207512525421,-1.4838355663267633,1.4339650543224725,0.3916352619522723,-23.225779423078386,-5.676990983513786,0.9348402964305391,-0.778904664378671,0.30785687186601157,-0.4762346519827352,0.277407454676522
2009-09-01,215.861,219.92,217.258,202.777,127.631,249.415,-0.5171449724836391,-1.377942862886472,1.4798373886199645,-0.2341941883104881,-22.046323882748688,-2.702476062694381,0.6830209548568167,-1.159207512525421,-0.5377236333559763,0.14856032537154062,-0.5406746503695926
2009-10-01,216.509,220.501,217.452,204.719,132.475,249.643,-0.47011464154414756,-0.22396829420033848,1.7127331771131127,-0.555639396891161,-14.0070989015605,2.370814561808854,0.66452952680498,-0.5171449724836391,-0.778904664378671,0.8213314007046703,-0.9900699867920529
2009-11-01,217.234,220.666,217.581,210.932,135.73,249.211,-0.8091501959767688,1.9145871744709275,1.714243571010421,-0.6796914228328843,8.084343214368062,5.999312757715858,0.29176694059223074,-0.47011464154414756,-1.159207512525421,0.30785687186601157,-1.5118388660572464
2009-12-01,217.347,220.881,217.904,209.915,139.376,249.219,-0.6382374237583955,2.8141231232083674,1.8236717759594345,-0.5336120836433533,18.87610925173997,9.466475028078204,0.28610748949731146,-0.8091501959767688,-0.5171449724836391,-0.5377236333559763,-0.6633446902305364
2010-01-01,217.488,220.633,218.489,212.807,142.829,248.034,-0.33777997357991874,2.6211113889767157,1.5123351706495702,-0.33981955353640236,19.11217333385573,12.758549910000937,-0.3731478171455249,-0.6382374237583955,-0.47011464154414756,-0.778904664378671,-0.40729277814733544
2010-02-01,217.281,220.731,218.552,209.624,143.173,247.997,-0.17653085453897985,2.151336357866529,1.3494526888039982,-0.18132076419623555,14.099095911735727,15.086210361319875,-0.4375981082914704,-0.33777997357991874,-0.8091501959767688,-1.159207512525421,-0.4762346519827352
2010-03-01,217.353,220.783,218.99,209.326,142.377,247.914,0.3330719627045562,2.2861714393279886,1.1592051426555505,0.2196695803395876,17.325336995207795,16.50192291956469,-0.5798845043310963,-0.17653085453897985,-0.6382374237583955,-0.5171449724836391,0.14856032537154062
2010-04-01,217.403,220.822,219.209,209.219,141.68,247.959,0.2594565498941216,2.2067707525304403,0.9675088932173947,0.47393147702532445,17.83533837974227,16.238811358061156,-0.6490930727344857,0.3330719627045562,-0.33777997357991874,-0.47011464154414756,0.8213314007046703
2010-05-01,217.29,220.962,219.331,206.631,140.952,248.128,0.3997315297144678,2.003548929218568,0.9401381427474931,0.6969280988738058,14.903519991102709,15.031868965911222,-0.6068666055126792,0.2594565498941216,-0.17653085453897985,-0.8091501959767688,0.30785687186601157
2010-06-01,217.199,221.194,219.285,203.764,141.951,248.295,-0.056651002357917535,1.1215605940686268,0.9501989849939774,0.6758090655746063,3.4161790156978844,15.186309195364988,-0.47977490260209255,0.3997315297144678,0.3330719627045562,-0.6382374237583955,-0.5377236333559763
2010-07-01,217.605,221.363,219.234,206.877,142.512,248.43,-0.061722735855691394,1.3407784804821077,0.9577539302116689,0.8496368228090967,5.669176311945168,16.010549965810306,-0.2885823342658411,-0.056651002357917535,0.2594565498941216,-0.33777997357991874,-0.778904664378671
2010-08-01,217.923,221.509,219.48,208.77,143.42,248.43,0.3054636060060529,1.1501775395112546,0.9171009950067255,0.9679081407331092,3.5652808024486227,14.725904120437395,-0.4364397100020456,-0.061722735855691394,0.3997315297144678,-0.17653085453897985,-1.159207512525421
2010-09-01,218.275,221.711,220.219,209.832,144.032,248.568,0.358378272550351,1.1183122472331775,0.8143870498363182,1.362895727660196,3.4791914270356106,12.850326331377172,-0.339594651484465,0.3054636060060529,-0.056651002357917535,0.3330719627045562,-0.5171449724836391
2010-10-01,219.035,221.83,220.521,216.71,144.313,248.692,0.6778065829727472,1.1666951489314625,0.6027183550187942,1.4113459522101302,5.857297075503509,8.936025665219848,-0.3809439880148813,0.358378272550351,-0.061722735855691394,0.2594565498941216,-0.47011464154414756
2010-11-01,219.59,222.149,220.946,219.496,144.751,248.993,0.43047379088199095,1.084544776600338,0.672056411046551,1.546550480051101,4.0600762330988305,6.646283061961267,-0.08747607449109962,0.6778065829727472,0.3054636060060529,0.3997315297144678,-0.8091501959767688
2010-12-01,220.472,222.343,221.215,227.13,145.669,249.284,0.676261028100661,1.437793022217937,0.6618948664665503,1.519476466700942,8.200938475097065,4.515124555160144,0.02608147853895293,0.43047379088199095,0.358378272550351,-0.056651002357917535,-0.6382374237583955
2011-01-01,221.187,222.803,222.469,229.258,146.478,249.621,0.7450732804677903,1.7007834915029774,0.9835337415527112,1.8216020028468227,7.730478790641304,2.5548032962493528,0.6398316359853995,0.676261028100661,0.6778065829727472,-0.061722735855691394,-0.33777997357991874
2011-02-01,221.898,223.213,223.504,232.068,146.182,249.924,0.33640860144133755,2.124898173333145,1.124445592146106,2.265822321461264,10.706789298935249,2.101653244676016,0.777025528534625,0.7450732804677903,0.43047379088199095,0.3054636060060529,-0.17653085453897985
2011-03-01,223.046,223.454,225.213,240.079,145.646,250.158,0.717872289141265,2.619241510354109,1.2097851736773357,2.8416822685967347,14.69143823509742,2.2960169128440455,0.9051525932379789,0.33640860144133755,0.676261028100661,0.358378272550351,0.3330719627045562
2011-04-01,224.093,223.727,226.072,247.977,145.542,250.412,1.5856339014470007,3.0772344447868694,1.3155392125784537,3.130802111227182,18.52508615374322,2.7258610954263185,0.9892764529619846,0.717872289141265,0.7450732804677903,0.6778065829727472,0.2594565498941216
2011-05-01,224.806,224.175,226.94,250.744,146.476,250.66,0.9208365466967703,3.4589718808964998,1.4540961794335727,3.469185842402589,21.34868436972188,3.9190646461206624,1.0204410626773353,1.5856339014470007,0.33640860144133755,0.43047379088199095,0.3997315297144678
2011-06-01,224.806,224.697,227.515,245.534,148.518,251.178,0.20112329017370126,3.5023181506360412,1.5836776766096738,3.7531066876439256,20.499204962603777,4.626244267388047,1.161118830423491,0.9208365466967703,0.717872289141265,0.676261028100661,-0.056651002357917535
2011-07-01,225.395,225.218,228.482,246.187,149.971,251.834,0.2852502419005975,3.5798809769996165,1.741483445742964,4.218323800140489,19.001628987272625,5.233945211631297,1.3702048866883976,0.20112329017370126,1.5856339014470007,0.7450732804677903,-0.061722735855691394
2011-08-01,226.106,225.862,229.634,246.88,151.312,252.329,-0.11344012294214709,3.75499603070808,1.9651571719433658,4.626389648259521,18.254538487330542,5.502719286013136,1.5694561848407895,0.2852502419005975,0.9208365466967703,0.33640860144133755,0.3054636060060529
2011-09-01,226.597,226.118,230.682,248.55,151.677,252.668,-0.5569840170434671,3.812621692818685,1.9877227562006272,4.751179507671899,18.451904380647388,5.307848255943104,1.6494480383637544,-0.11344012294214709,0.20112329017370126,0.717872289141265,0.358378272550351
2011-10-01,226.75,226.506,230.899,246.655,151.986,253.184,-0.3876705908798419,3.5222681306640524,2.1079204796465634,4.7061277610749075,13.818005629643304,5.316915316014503,1.8062503015778608,-0.5569840170434671,0.2852502419005975,1.5856339014470007,0.6778065829727472
2011-11-01,227.169,226.899,231.118,247.64,152.187,253.619,0.1391413724886984,3.451432214581729,2.138204538395394,4.603839852271596,12.822101541713726,5.137097498462873,1.857883554959372,-0.3876705908798419,-0.11344012294214709,0.9208365466967703,0.43047379088199095
2011-12-01,227.223,227.405,231.557,243.353,152.083,254.15,-0.05447324669884667,3.062066838419386,2.276662633858506,4.675089844721181,7.142605556289361,4.403133130590575,1.9519905007942873,0.1391413724886984,-0.5569840170434671,0.20112329017370126,0.676261028100661
2012-01-01,227.842,227.877,232.213,244.876,151.106,254.512,0.37315911624207454,3.0087663379855023,2.2773481506083826,4.379936080982061,6.812412216803776,3.159518835593045,1.9593704055347771,-0.05447324669884667,-0.3876705908798419,0.2852502419005975,0.7450732804677903
2012-02-01,228.329,228.034,232.14,248.898,149.893,254.951,-0.0003162414404230012,2.8981784423473878,2.1598204405657295,3.8639129501037983,7.252184704483167,2.538616245502201,2.011411469086588,0.37315911624207454,0.1391413724886984,-0.11344012294214709,0.33640860144133755
2012-03-01,228.807,228.478,232.591,249.742,149.265,255.474,-0.3778940414787536,2.5828752813320977,2.2483374654291177,3.2760098218131306,4.024925128811763,2.4847918926712786,2.1250569639987615,-0.0003162414404230012,-0.05447324669884667,-0.5569840170434671,0.717872289141265
2012-04-01,229.187,228.905,233.044,249.677,150.053,256.056,-0.32828226740224187,2.2731633741348567,2.314427851801515,3.0839732474609916,0.6855474499651182,3.0994489563150207,2.2538855965368976,-0.3778940414787536,0.37315911624207454,-0.3876705908798419,1.5856339014470007
2012-05-01,228.713,229.224,233.219,241.806,151.587,256.451,-0.6842856350769432,1.7379429374660749,2.252258280361308,2.766810610734116,-3.5645917748779565,3.489308828750093,2.3103008058725116,-0.32828226740224187,-0.0003162414404230012,0.1391413724886984,0.9208365466967703
2012-06-01,228.524,229.623,233.683,235.897,152.263,256.813,-0.7054029160173135,1.653870448297634,2.192285611289857,2.7110300419752598,-3.924914675767921,2.5215798758399632,2.2434289627276227,-0.6842856350769432,-0.3778940414787536,-0.05447324669884667,0.20112329017370126
2012-07-01,228.59,229.97,233.845,233.568,151.97,257.153,-0.6748081197908459,1.4175114798464783,2.109955687378462,2.347230854071647,-5.125778371725554,1.3329243653773082,2.112105593367075,-0.7054029160173135,-0.32828226740224187,0.37315911624207454,0.2852502419005975
2012-08-01,229.918,230.233,234.244,244.987,150.871,257.647,-0.13710144438680477,1.6859349154821235,1.9352524993137443,2.0075424370955552,-0.7667692806221704,-0.2914507772020736,2.107565915927223,-0.6748081197908459,-0.6842856350769432,-0.0003162414404230012,-0.11344012294214709
2012-09-01,231.015,230.659,234.404,252.987,149.647,258.233,-0.25924026771812797,1.9497168982819613,2.0082434834909124,1.6134765608066592,1.7851538925769406,-1.3383703527891533,2.202494973641289,-0.13710144438680477,-0.7054029160173135,-0.3778940414787536,-0.5569840170434671
2012-10-01,231.638,231.024,234.843,256.017,148.986,258.816,-0.011571121493668679,2.1556780595369363,1.9946491483669337,1.7081061416463372,3.7955849263140884,-1.9738660139749675,2.2244691607684386,-0.25924026771812797,-0.6748081197908459,-0.32828226740224187,-0.3876705908798419
2012-11-01,231.249,231.33,235.253,248.819,148.932,259.216,-0.3586160259250593,1.7960197033926262,1.9528512686261434,1.7891293624901605,0.47609433047972605,-2.1388160618187047,2.2068535874678163,-0.011571121493668679,-0.13710144438680477,-0.6842856350769432,0.1391413724886984
2012-12-01,231.221,231.725,235.677,244.708,149.243,259.644,-0.15650817148852506,1.7595049796895523,1.8996943778720743,1.779259534369504,0.5568043130760536,-1.8674013532084421,2.1617155223293327,-0.3586160259250593,-0.25924026771812797,-0.7054029160173135,-0.05447324669884667
2013-01-01,231.679,232.229,236.011,245.025,149.741,260.142,-0.07061393080594038,1.684061762098299,1.9098022178631435,1.6355673454974573,0.06084712262532932,-0.90333937765541,2.212076444332678,-0.15650817148852506,-0.011571121493668679,-0.6748081197908459,0.37315911624207454
2013-02-01,232.937,232.569,235.992,255.696,149.789,260.719,-0.3930786774419939,2.0181404902574807,1.9887385214485631,1.659343499612298,2.731239302846955,-0.06938282641618665,2.262395519138982,-0.07061393080594038,-0.3586160259250593,-0.13710144438680477,-0.0003162414404230012
2013-03-01,232.282,232.794,236.213,246.595,148.912,261.176,-0.5581860737350862,1.5187472411246183,1.8890221377988237,1.557239961993373,-1.2601004236371893,-0.23649214484304792,2.231929667989707,-0.3930786774419939,-0.15650817148852506,-0.25924026771812797,-0.3778940414787536
2013-04-01,231.797,232.832,236.655,240.473,148.577,261.679,-0.7469715952801083,1.138808047576867,1.715558856294086,1.549492799642982,-3.686362780712671,-0.9836524428035398,2.1960039991251845,-0.5581860737350862,-0.07061393080594038,-0.011571121493668679,-0.32828226740224187
2013-05-01,231.893,232.996,236.454,240.468,148.501,262.263,-0.8694107209867165,1.3903888279197085,1.6455519491850756,1.3871082544732793,-0.5533361455050789,-2.0357946261882476,2.266319881770773,-0.7469715952801083,-0.3930786774419939,-0.3586160259250593,-0.6842856350769432
2013-06-01,232.445,233.35,236.98,242.711,148.742,262.797,-0.6760553509498842,1.7157935271568725,1.6230952474272975,1.4108856870204578,2.888548815796743,-2.3124462279083047,2.330100111754474,-0.8694107209867165,-0.5581860737350862,-0.15650817148852506,-0.7054029160173135
2013-07-01,232.9,233.88,237.184,242.986,149.058,263.239,-0.6678801184039157,1.885471805415806,1.7002217680567089,1.4278688875109635,4.032230442526363,-1.916167664670665,2.3666844252254293,-0.6760553509498842,-0.7469715952801083,-0.07061393080594038,-0.6748081197908459
2013-08-01,233.456,234.336,237.451,244.833,149.539,263.86,-0.5820700563572863,1.538809488600279,1.782107690904433,1.3690852273697596,-0.06286047831108865,-0.8828734481776013,2.4114389067212194,-0.6678801184039157,-0.8694107209867165,-0.3930786774419939,-0.13710144438680477
2013-09-01,233.544,234.7,237.519,242.745,150.458,264.321,-0.29194497760355936,1.0947341081747997,1.7519368418314363,1.3289022371631987,-4.048429365935791,0.5419420369269012,2.357560807487813,-0.5820700563572863,-0.6760553509498842,-0.5581860737350862,-0.25924026771812797
2013-10-01,233.669,234.921,237.75,241.954,151.248,264.684,-0.20427587183169432,0.8767991434911471,1.686837731144819,1.237848264585284,-5.492994605826951,1.5182634609963275,2.2672477744807296,-0.29194497760355936,-0.6678801184039157,-0.7469715952801083,-0.011571121493668679
2013-11-01,234.1,235.359,237.947,242.718,151.993,265.496,-0.7083163559087471,1.2328701961954458,1.7416677473738762,1.145150114982596,-2.4519831684879367,2.055300405554217,2.422689957410018,-0.20427587183169432,-0.5820700563572863,-0.8694107209867165,-0.3586160259250593
2013-12-01,234.719,235.759,238.182,245.733,152.457,266.228,-0.5106473368391902,1.5128383667573297,1.7408566188369834,1.0628954034547222,0.41886656750085294,2.1535348391549247,2.535779759979051,-0.7083163559087471,-0.29194497760355936,-0.6760553509498842,-0.15650817148852506
2014-01-01,235.288,235.961,238.492,250.34,151.535,266.892,-0.6546029224773013,1.557758795574915,1.6070344358370292,1.0512221887962747,2.1691664115906617,1.1980686652286243,2.5947367207140637,-0.5106473368391902,-0.20427587183169432,-0.6678801184039157,-0.07061393080594038
2014-02-01,235.547,236.185,239.408,249.925,150.718,267.481,-0.2933048703244112,1.1204746347724948,1.5548073904948723,1.4475066951421978,-2.256977035229335,0.6202057560969143,2.593596937699205,-0.6546029224773013,-0.7083163559087471,-0.5820700563572863,-0.3930786774419939
2014-03-01,236.028,236.625,240.447,249.961,149.641,268.287,-0.6293654472137423,1.6126949139408042,1.6456609706435588,1.7924500345027683,1.3649911798698344,0.48955087568496314,2.722685085919063,-0.2933048703244112,-0.5106473368391902,-0.29194497760355936,-0.5581860737350862
2014-04-01,236.468,237.072,241.241,249.864,149.217,268.923,-0.8205650962914318,2.015125303606169,1.8210555250137483,1.9378420062960977,3.9052201286630783,0.43075307752882264,2.768277164006294,-0.6293654472137423,-0.6546029224773013,-0.20427587183169432,-0.7469715952801083
2014-05-01,236.918,237.529,242.408,249.213,149.006,269.715,-0.8332715854793054,2.166947687079812,1.9455269618362525,2.5180373349573237,3.636658515894009,0.3400650500670066,2.841422541494598,-0.8205650962914318,-0.2933048703244112,-0.7083163559087471,-0.8694107209867165
2014-06-01,237.231,237.837,242.646,249.714,148.921,270.149,-0.7031609264898643,2.0589816945944195,1.9228626526676562,2.390919064899988,2.885324521756316,0.12034260666120566,2.797596624010157,-0.8332715854793054,-0.6293654472137423,-0.5106473368391902,-0.6760553509498842
2014-07-01,237.498,238.195,243.235,248.744,149.216,270.891,-0.8257664788303449,1.9742378703305974,1.8449632290063356,2.551183890987585,2.3696838500983697,0.10599900709791221,2.90686410448302,-0.7031609264898643,-0.8205650962914318,-0.6546029224773013,-0.6678801184039157
2014-08-01,237.46,238.405,243.792,245.699,149.472,271.493,-0.6445784498473698,1.7150983482969062,1.73639560289498,2.6704456919532937,0.3537104883737152,-0.044804365416362124,2.892821951034641,-0.8257664788303449,-0.8332715854793054,-0.2933048703244112,-0.5820700563572863
2014-09-01,237.477,238.786,244.48,241.61,149.859,272.118,-0.8284984528680481,1.6840509711232077,1.7409458883681284,2.9307129113881336,-0.4675688479680251,-0.39811774714537673,2.9498223750666686,-0.6445784498473698,-0.7031609264898643,-0.6293654472137423,-0.29194497760355936
2014-10-01,237.43,239.191,244.866,237.061,148.954,272.73,-0.6083077133767608,1.6095417021513292,1.817632310436279,2.9930599369085265,-2.0222852277705705,-1.5167142706019154,3.0398512943736744,-0.8284984528680481,-0.8257664788303449,-0.8205650962914318,-0.20427587183169432
2014-11-01,236.983,239.458,245.394,229.016,147.488,273.436,-0.9953540185378028,1.231524989320798,1.7415947552462452,3.12968854408755,-5.645234387231268,-2.9639522872763835,2.9906288606984743,-0.6083077133767608,-0.6445784498473698,-0.8332715854793054,-0.7083163559087471
2014-12-01,236.252,239.584,246.237,218.536,145.83,273.997,-0.4184334820897113,0.6531213919623191,1.6224195046636636,3.381867647429271,-11.067703564437824,-4.34679942541174,2.918175398530587,-0.9953540185378028,-0.8284984528680481,-0.7031609264898643,-0.5106473368391902
2015-01-01,234.747,239.811,246.197,199.926,144.875,274.762,-0.524144506831253,-0.22993097820542818,1.631625565241701,3.2307163343005207,-20.138212031636982,-4.39502425182301,2.948758299237153,-0.4184334820897113,-0.6083077133767608,-0.8257664788303449,-0.6546029224773013
2015-02-01,235.342,240.172,246.495,203.021,147.264,275.47,-0.33566398203834136,-0.08703146293520536,1.6880834938713285,2.960218539063031,-18.76723016905072,-2.2916970766597045,2.986754199363695,-0.524144506831253,-0.9953540185378028,-0.6445784498473698,-0.2933048703244112
2015-03-01,235.976,240.755,246.072,205.757,147.694,276.258,-0.4041909136703031,-0.022031284423873476,1.7453777073428434,2.3393928807595943,-17.684358759966557,-1.3011139995054877,2.9710720236165056,-0.33566398203834136,-0.4184334820897113,-0.8284984528680481,-0.6293654472137423
2015-04-01,236.222,241.346,246.002,203.577,148.404,277.003,-0.366803185735082,-0.10403098939391064,1.802827832894649,1.9735451270721072,-18.52487753337816,-0.5448440861296033,3.0045775184718293,-0.4041909136703031,-0.524144506831253,-0.6083077133767608,-0.8205650962914318
2015-05-01,237.001,241.688,246.239,208.973,149.29,277.524,-0.5686063376052297,0.03503321824429584,1.7509440952473199,1.580393386356893,-16.14683022153739,0.19059635182474555,2.8952783493687795,-0.366803185735082,-0.33566398203834136,-0.9953540185378028,-0.8332715854793054
2015-06-01,237.657,242.064,246.937,212.015,149.48,278.284,-0.8819978175588324,0.1795718097550525,1.7772676244655061,1.768419837953239,-15.096870820218333,0.37536680521887966,3.0113011708353454,-0.5686063376052297,-0.4041909136703031,-0.4184334820897113,-0.7031609264898643
2015-07-01,238.034,242.565,247.157,211.623,149.078,279.329,-0.4292314118373044,0.22568611104094582,1.8346312894897077,1.6124324213209418,-14.923375036181785,-0.0924833797984137,3.1149059954003633,-0.8819978175588324,-0.366803185735082,-0.524144506831253,-0.8257664788303449
2015-08-01,238.033,242.817,247.742,208.579,148.295,279.921,-0.7007107611332073,0.2413037985344868,1.8506323273421277,1.6202336417930008,-15.10791659713715,-0.7874384500107134,3.1043157650473496,-0.4292314118373044,-0.5686063376052297,-0.33566398203834136,-0.6445784498473698
2015-09-01,237.498,243.316,248.492,197.246,147.554,280.737,-0.4115852990608061,0.008842961634170088,1.8970961446650891,1.6410340314136018,-18.36182277223625,-1.538112492409538,3.1673759178003857,-0.7007107611332073,-0.8819978175588324,-0.4041909136703031,-0.8284984528680481
2015-10-01,237.733,243.768,248.755,195.616,146.397,281.429,-0.24981276153810844,0.12761656067050708,1.9135335359607986,1.588215595468534,-17.482841968944697,-1.716637351128547,3.189601437318945,-0.4115852990608061,-0.4292314118373044,-0.366803185735082,-0.6083077133767608
2015-11-01,238.017,244.241,248.525,195.114,144.85,282.129,-0.6576560871508785,0.4363182169185187,1.9974275238246353,1.2759073163973067,-14.803332518251999,-1.7886200911260586,3.179171725742047,-0.24981276153810844,-0.7007107611332073,-0.5686063376052297,-0.9953540185378028
2015-12-01,237.761,244.547,248.206,190.143,143.955,282.779,-0.6198960636130139,0.6387247515364791,2.0715072792840905,0.7996361229222204,-12.992367390269798,-1.2857436741411266,3.2051445818749746,-0.6576560871508785,-0.4115852990608061,-0.8819978175588324,-0.4184334820897113
2016-01-01,237.652,244.955,248.353,185.235,144.638,283.714,-0.8118921009956849,1.2375025026943876,2.145022538582464,0.8757214750789055,-7.3482188409711435,-0.16358930112165826,3.2580924582001902,-0.6198960636130139,-0.24981276153810844,-0.4292314118373044,-0.524144506831253
2016-02-01,237.336,245.51,248.606,176.401,143.979,284.502,-0.7565256785917089,0.8472775790126619,2.222573822094165,0.8564068236678102,-13.11194408460208,-2.2306877444589257,3.2787599375612597,-0.8118921009956849,-0.6576560871508785,-0.7007107611332073,-0.33566398203834136
2016-03-01,238.08,245.913,248.029,182.234,143.659,285.122,-0.6577532640692162,0.8916160965521946,2.142426948557663,0.7952956858155336,-11.43241785212653,-2.7319999458339517,3.208594864221137,-0.7565256785917089,-0.6198960636130139,-0.4115852990608061,-0.4041909136703031
2016-04-01,238.992,246.551,248.235,186.713,145.475,285.853,-0.27482414376973613,1.1726257503534843,2.156654761214183,0.9077161974292869,-8.283843459722862,-1.9736664779925084,3.194911246448595,-0.6577532640692162,-0.8118921009956849,-0.24981276153810844,-0.366803185735082
2016-05-01,239.557,247.137,247.856,188.596,146.416,286.855,-0.7285107930141519,1.0784764621246223,2.2545595974976074,0.6566790800807354,-9.751020466758863,-1.9251121977359453,3.3622317349130126,-0.27482414376973613,-0.7565256785917089,-0.6576560871508785,-0.5686063376052297
2016-06-01,240.222,247.54,247.683,192.899,144.887,287.819,-0.2959559239372179,1.0792865347959424,2.2622116465067066,0.3021013456873556,-9.01634318326533,-3.072651859780562,3.426355809173365,-0.7285107930141519,-0.6577532640692162,-0.6198960636130139,-0.8819978175588324
2016-07-01,240.101,247.829,247.658,189.046,143.27,288.524,-0.17864595950713097,0.8683633430518256,2.1701399624842965,0.2027051631149357,-10.668500115771916,-3.8959470881015257,3.291817176161449,-0.2959559239372179,-0.27482414376973613,-0.8118921009956849,-0.4292314118373044
2016-08-01,240.545,248.423,247.746,188.772,142.803,289.367,0.08781261673522037,1.0553158595656864,2.3087345614186683,0.0016145829128788591,-9.496162125621478,-3.703428976027512,3.3745235262806483,-0.17864595950713097,-0.7285107930141519,-0.7565256785917089,-0.7007107611332073
2016-09-01,241.176,248.842,247.772,192.243,144.851,290.369,-0.3002321151702887,1.5486446201652182,2.271120682569183,-0.2897477584791419,-2.536426594202168,-1.8318717215392355,3.430969198929956,0.08781261673522037,-0.2959559239372179,-0.6577532640692162,-0.4115852990608061
2016-10-01,241.741,249.142,247.812,195.979,142.217,291.378,-0.0715507920693434,1.685924966243646,2.2045551507991146,-0.37908785753049123,0.18556764272861237,-2.8552497660471077,3.535172281463539,-0.3002321151702887,-0.17864595950713097,-0.27482414376973613,-0.24981276153810844
2016-11-01,242.026,249.481,247.741,196.372,139.975,292.227,-0.32698277651092406,1.6843334719788938,2.1454219398053587,-0.31546122120510445,0.6447512736144079,-3.3655505695547094,3.5792137639165,-0.0715507920693434,0.08781261673522037,-0.7285107930141519,-0.6576560871508785
2016-12-01,242.637,249.92,247.725,199.513,139.457,293.066,-0.2417282716658654,2.0507989115119862,2.197123661300271,-0.19379064164444237,4.927870076731722,-3.1245875447188487,3.637823176402777,-0.32698277651092406,-0.3002321151702887,-0.2959559239372179,-0.6198960636130139
2017-01-01,243.618,250.467,248.065,205.369,138.761,293.769,0.15622314438893453,2.5103933482571117,2.2502092221020176,-0.11596397063856623,10.86943612168325,-4.06324755596732,3.5440619779073312,-0.2417282716658654,-0.0715507920693434,-0.17864595950713097,-0.8118921009956849
2017-02-01,244.006,250.998,248.735,204.133,138.713,294.543,0.14977659844637858,2.8103616813294208,2.2353468290497336,0.05188933493158743,15.720999314062833,-3.6574778266275088,3.5293249256595827,0.15622314438893453,-0.32698277651092406,0.08781261673522037,-0.7565256785917089
2017-03-01,243.892,250.944,249.244,202.528,139.232,295.012,0.07068232688894602,2.44119623655914,2.045845481938735,0.4898620725802161,11.136231438699685,-3.081602962571084,3.4686905956046843,0.14977659844637858,-0.2417282716658654,-0.3002321151702887,-0.6577532640692162
2017-04-01,244.193,251.227,249.589,202.954,138.596,295.741,0.0035786385717849678,2.176223471915395,1.8965650108902388,0.545450883235632,8.698376652937934,-4.728647533940533,3.4591205969501715,0.07068232688894602,0.15622314438893453,-0.0715507920693434,-0.27482414376973613
2017-05-01,244.004,251.43,249.972,198.449,138.601,296.461,-0.15813721276091927,1.8563431667619756,1.7370931912259246,0.8537215157188083,5.224395003075366,-5.3375314173314425,3.3487301946976578,0.0035786385717849678,0.14977659844637858,-0.32698277651092406,-0.7285107930141519
2017-06-01,244.163,251.746,249.77,197.808,137.691,297.215,0.07966577381754043,1.640565809959127,1.6991193342490218,0.8426093030204029,2.544855079601227,-4.966629166177783,3.2645516800489105,-0.15813721276091927,0.07068232688894602,-0.2417282716658654,-0.2959559239372179
2017-07-01,244.243,251.985,250.185,195.994,136.872,297.676,0.07862140266528123,1.7251073506566073,1.6769627444729984,1.020358720493597,3.6752959597135204,-4.465694143924059,3.1720064881950893,0.07966577381754043,0.0035786385717849678,0.15622314438893453,-0.17864595950713097
2017-08-01,245.183,252.535,250.469,201.45,136.875,298.904,0.379873973612244,1.92812155729698,1.6552412618799472,1.0991095719002475,6.716038395524748,-4.151173294678678,3.2958146575110314,0.07862140266528123,-0.15813721276091927,0.14977659844637858,0.08781261673522037
2017-09-01,246.435,252.812,250.826,212.723,135.033,299.711,0.5323027223034923,2.1805652303711787,1.5953898457655935,1.2325847956992764,10.653183731007122,-6.777999461515638,3.2172855917814935,0.379873973612244,0.07966577381754043,0.07068232688894602,-0.3002321151702887
2017-10-01,246.626,253.526,251.048,208.328,137.803,300.814,0.7716546528693564,2.020757753132485,1.7596390813271245,1.3058286120123386,6.301185331081394,-3.103707714267645,3.2384050957862343,0.5323027223034923,0.07862140266528123,0.0035786385717849678,-0.0715507920693434
2017-11-01,247.284,253.816,251.195,213.047,138.261,301.43,0.8045161618884132,2.172493864295566,1.7376072726981162,1.39419797288296,8.49153647159473,-1.2245043757813878,3.1492640994843057,0.7716546528693564,0.379873973612244,-0.15813721276091927,-0.32698277651092406
2017-12-01,247.805,254.344,251.716,213.574,138.123,302.428,0.668653006478495,2.129930719552253,1.770166453265043,1.6110606519325943,7.0476610546681195,-0.9565672572907746,3.194502262289056,0.8045161618884132,0.5323027223034923,0.07966577381754043,-0.2417282716658654
2018-01-01,248.859,255.204,252.377,216.855,138.559,303.213,0.5699052382151926,2.151318868063945,1.8912671130328462,1.7382540866305307,5.592859681840978,-0.14557404458024337,3.2147707892936417,0.668653006478495,0.7716546528693564,0.07862140266528123,0.15622314438893453
2018-02-01,249.529,255.711,252.264,220.141,138.643,303.784,0.04884929451698774,2.263468931091861,1.87770420481439,1.4187790218505691,7.8419461821459535,-0.050463907492448445,3.1374026882322825,0.5699052382151926,0.8045161618884132,0.379873973612244,0.14977659844637858
2018-03-01,249.577,256.271,252.365,215.72,138.212,304.812,0.4310080572342364,2.3309497646499366,2.1227843662331214,1.2521866123156533,6.513667246010435,-0.7325902091473324,3.3218987702195113,0.04884929451698774,0.668653006478495,0.5323027223034923,0.07068232688894602
2018-04-01,250.227,256.63,252.867,219.165,137.876,305.72,0.5050044658814378,2.4709963021052994,2.150644636125887,1.3133591624630903,7.987524266582557,-0.5194955121359923,3.3742362404942217,0.4310080572342364,0.5699052382151926,0.7716546528693564,0.0035786385717849678
2018-05-01,250.792,257.145,252.864,221.045,138.533,306.808,0.3657871313373626,2.781921607842497,2.272998448872432,1.1569295761125309,11.386300762412493,-0.04906169508157587,3.4901724004169132,0.5050044658814378,0.04884929451698774,0.8045161618884132,-0.15813721276091927
2018-06-01,251.018,257.399,253.167,220.947,137.952,307.183,0.4184789319550367,2.8075506935940187,2.245517307127032,1.3600512471473758,11.697706867265234,0.1895548728675145,3.3538011204010676,0.3657871313373626,0.4310080572342364,0.668653006478495,0.07966577381754043
2018-07-01,251.214,257.699,253.598,219.929,137.608,308.05,0.4271106597123818,2.854124785561929,2.267595293370639,1.3641904990307152,12.212108533934707,0.5377286808112558,3.4849971109528477,0.4184789319550367,0.5050044658814378,0.5699052382151926,0.07862140266528123
2018-08-01,251.663,257.891,253.949,222.781,138.093,309.004,0.5243336349103986,2.6429238568742575,2.1208941334864617,1.3893934977981415,10.58873169520973,0.8898630136986219,3.3790113213607142,0.4271106597123818,0.3657871313373626,0.04884929451698774,0.379873973612244
2018-09-01,252.182,258.368,254.302,223.955,136.92,309.522,0.46004304586468125,2.332055105808828,2.1976804898501623,1.3858212466012265,5.280106053412181,1.3974361822665538,3.2734867922765476,0.5243336349103986,0.4184789319550367,0.4310080572342364,0.5323027223034923
2018-10-01,252.772,258.917,254.17,226.022,138.247,310.401,0.5228398742262588,2.492032470218053,2.126409125691242,1.2435868837831654,8.493337429438185,0.3221990812972253,3.1870192211798543,0.46004304586468125,0.4271106597123818,0.5050044658814378,0.7716546528693564
2018-11-01,252.594,259.439,254.887,218.5,139.763,311.247,0.4507447366424089,2.147328577667773,2.2153843729315836,1.4697744779951893,2.5595291179880464,1.0863511763982592,3.25680920943503,0.5228398742262588,0.5243336349103986,0.3657871313373626,0.8045161618884132
2018-12-01,252.767,260.063,255.877,213.63,140.18,312.132,0.4605756957912617,2.0023809043401064,2.2485295505299874,1.6530534411797415,0.02622042008857406,1.4892523330654717,3.208697607364397,0.4507447366424089,0.46004304586468125,0.4184789319550367,0.668653006478495
2019-01-01,252.561,260.766,256.533,204.34,142.214,312.998,0.5115863631082983,1.4875893578291333,2.1794329242488475,1.6467427697452575,-5.771137395955817,2.637865458035926,3.2271043787700293,0.4605756957912617,0.5228398742262588,0.4271106597123818,0.5699052382151926
2019-02-01,253.319,261.186,257.253,208.144,142.272,314.072,0.14271652432839363,1.5188615351321877,2.1410889637129227,1.977690039006741,-5.449689062918761,2.617514046868563,3.386616806678444,0.5115863631082983,0.4507447366424089,0.5243336349103986,0.04884929451698774
2019-03-01,254.277,261.567,257.681,214.934,141.218,315.051,0.21724858792667484,1.8831863513063984,2.06656235001228,2.106472767618328,-0.3643612089745951,2.1749196885943345,3.3591197196960687,0.14271652432839363,0.4605756957912617,0.46004304586468125,0.4310080572342364
2019-04-01,255.233,261.997,257.325,222.42,139.895,316.172,0.011936281283825147,2.000583470209061,2.0913377235709074,1.7629821210359609,1.4851823968243139,1.4643592793524673,3.4188146015962317,0.21724858792667484,0.5115863631082983,0.5228398742262588,0.5050044658814378
2019-05-01,255.296,262.217,257.818,220.523,138.573,317.03,-0.6251255114563304,1.7959105553606136,1.97242800754438,1.9591559098962152,-0.23615100997533833,0.028873986703548127,3.3317253787384926,0.011936281283825147,0.14271652432839363,0.4507447366424089,0.3657871313373626
2019-06-01,255.213,262.739,257.952,214.926,138.241,317.949,-0.4716667086471531,1.671194894390049,2.0746001344216447,1.8900567609522634,-2.7250879170117814,0.20949315704013038,3.504751239489168,-0.6251255114563304,0.21724858792667484,0.4605756957912617,0.4184789319550367
2019-07-01,255.802,263.28,258.059,216.696,138.132,318.777,-0.45465761193350446,1.826331335037068,2.1657049503490455,1.7590832735274065,-1.4700198700489775,0.38079181442940424,3.4822269112157134,-0.4716667086471531,0.011936281283825147,0.5115863631082983,0.4271106597123818
2019-08-01,256.036,263.877,258.288,213.847,138.686,319.37,-0.2967092511971905,1.7376412106666406,2.321135673598529,1.7086107840550646,-4.010216311085779,0.4294207526811755,3.3546491307555826,-0.45465761193350446,-0.6251255114563304,0.14271652432839363,0.5243336349103986
2019-09-01,256.43,264.388,258.865,213.015,138.694,320.436,0.1273189386317438,1.6844977040391562,2.3300099083477743,1.794323284913224,-4.884909914938285,1.2956470931930975,3.52608215248027,-0.2967092511971905,-0.4716667086471531,0.21724858792667484,0.46004304586468125
2019-10-01,257.155,264.97,259.434,215.268,139.701,320.862,0.08024501538944584,1.7339736996186295,2.3378148209658223,2.0710548058386236,-4.757943916963836,1.051740724934347,3.3701566683097095,0.1273189386317438,-0.45465761193350446,0.011936281283825147,0.5228398742262588
2019-11-01,257.879,265.548,260.048,217.488,139.579,321.611,0.1406255694945355,2.092290394862917,2.3546960942649298,2.0248188412904655,-0.4631578947368431,-0.1316514385066081,3.329831291546581,0.08024501538944584,-0.2967092511971905,-0.6251255114563304,0.4507447366424089
2019-12-01,258.63,266.02,260.483,221.18,140.088,322.247,0.03466640564638051,2.3195274699624457,2.2905988164406255,1.8000836339334914,3.534147825679912,-0.06562990440862615,3.2406161495777352,0.1406255694945355,0.1273189386317438,-0.4716667086471531,0.4605756957912617
2020-01-01,259.127,266.716,261.293,220.147,139.424,323.487,0.05957004471689064,2.599767976845202,2.2817391837892886,1.8555117665173704,7.735636683958114,-1.9618321684222284,3.3511396238953717,0.03466640564638051,0.08024501538944584,-0.45465761193350446,0.5115863631082983
2020-02-01,259.25,267.37,261.962,214.294,140.593,324.483,1.246552588422259,2.3413166797595197,2.3676613601035346,1.8304937163026391,2.9546852179260563,-1.180133828160146,3.314845003693412,0.05957004471689064,0.1406255694945355,-0.2967092511971905,0.14271652432839363
2020-03-01,258.076,267.054,262.622,201.681,141.667,324.54,2.621117162073267,1.4940399642909163,2.097741687598198,1.9174871255544845,-6.166078889333459,0.3179481369230741,3.0118933125113267,1.246552588422259,0.03466640564638051,0.1273189386317438,0.21724858792667484
2020-04-01,256.032,265.746,266.37,182.586,138.89,324.391,3.348963697540622,0.3130472940411133,1.4309324152566472,3.51501020110756,-17.90936066900457,-0.7183959398120221,2.5995344306263712,2.621117162073267,0.05957004471689064,0.08024501538944584,0.011936281283825147
2020-05-01,255.802,265.412,268.086,180.04,137.922,324.973,2.5643493502258186,0.1982013035848551,1.2184564692601985,3.982654430644894,-18.357722323748547,-0.4697884869346969,2.505441125445551,3.348963697540622,1.246552588422259,0.1406255694945355,-0.6251255114563304
2020-06-01,257.042,265.849,269.553,188.734,134.156,325.425,2.2698353424712088,0.7166562831830481,1.1836841884912408,4.497348343877938,-12.186520011538848,-2.954984411281758,2.3513204947963384,2.5643493502258186,2.621117162073267,0.03466640564638051,-0.4716667086471531
2020-07-01,258.352,267.389,268.532,191.966,136.77,326.249,2.946342969670303,0.9968647625897997,1.560695837131587,4.05837424774953,-11.412301103850552,-0.9860133785075109,2.3439583156877886,2.2698353424712088,3.348963697540622,0.05957004471689064,-0.45465761193350446
2020-08-01,259.316,268.422,268.957,193.307,144.102,326.782,1.4637484837549668,1.2810698495523853,1.7223933878284248,4.130660348138515,-9.604997965835393,3.9052247523181816,2.320819112627981,2.946342969670303,2.5643493502258186,1.246552588422259,-0.2967092511971905
2020-09-01,259.997,268.933,269.043,196.705,152.968,327.043,0.6134736514675591,1.3910228912373812,1.7190644053436621,3.9317791126648904,-7.656737788418644,10.29172134338905,2.0618781909648165,1.4637484837549668,2.2698353424712088,2.621117162073267,0.1273189386317438
2020-10-01,260.319,269.306,269.653,196.113,155.964,327.421,0.09855384275803146,1.2303863428671624,1.6364116692455521,3.93895942706044,-8.89821060259769,11.641291043013302,2.0441809874650163,0.6134736514675591,2.946342969670303,3.348963697540622,0.08024501538944584
2020-11-01,260.911,269.981,269.636,197.017,154.817,327.801,0.75440524563519,1.1757452138405844,1.6693780408814973,3.6870116286224164,-9.412473331861992,10.917115038795245,1.9246854118795786,0.09855384275803146,1.4637484837549668,2.5643493502258186,0.1406255694945355
2020-12-01,262.045,270.341,270.781,205.67,154.216,328.217,1.6883872700681601,1.3204191315779434,1.624313961356294,3.953424983588172,-7.012388100189904,10.085089372394496,1.852616160895204,0.75440524563519,0.6134736514675591,2.2698353424712088,0.03466640564638051
2021-01-01,262.687,270.387,271.195,212.47,153.361,328.535,1.3330048068973703,1.3738437137002402,1.3763703714812836,3.78961548912522,-3.4872153606453793,9.99612692219416,1.5604954758614786,1.6883872700681601,0.09855384275803146,2.946342969670303,0.05957004471689064
2021-02-01,263.579,270.793,271.425,219.242,153.647,329.124,1.954856500763071,1.6698167791706853,1.280248344990098,3.6123559905635316,2.3089773862077223,9.284957288058449,1.4302752378398953,1.3330048068973703,0.75440524563519,1.4637484837549668,1.246552588422259
2021-03-01,264.961,271.459,271.636,229.617,154.93,329.947,2.27446365853709,2.6678187820641908,1.6494791315614155,3.43230955517817,13.851577491186573,9.362095618598554,1.6660504098108042,1.954856500763071,1.6883872700681601,0.6134736514675591,2.621117162073267
2021-04-01,266.614,273.66,272.715,227.255,168.006,331.208,2.7582118466010486,4.133077115360573,2.9780316542864504,2.382025002815613,24.46463584283569,20.96335229318167,2.1014763048296636,2.27446365853709,1.3330048068973703,0.09855384275803146,3.348963697540622
2021-05-01,268.383,275.465,273.932,229.854,178.929,332.111,3.041440899502479,4.918257089467626,3.7876961101984907,2.1806435248390432,27.668295934236852,29.732022447470307,2.1964901699525807,2.7582118466010486,1.954856500763071,0.75440524563519,2.5643493502258186
2021-06-01,270.654,277.651,275.997,233.603,194.846,333.835,2.7702273283414347,5.295632620349999,4.439362194328367,2.390624478302983,23.773670880710405,45.23837920033393,2.58431282169469,3.041440899502479,2.27446365853709,1.6883872700681601,2.2698353424712088
2021-07-01,271.903,278.648,277.813,236.488,193.734,335.446,2.954564013277726,5.245169381309234,4.210719214328185,3.4561988887730433,23.192648698206963,41.64948453608246,2.8190124720688825,2.7702273283414347,2.7582118466010486,1.3330048068973703,2.946342969670303
2021-08-01,272.676,278.997,279.01,240.692,190.066,336.022,3.330502000672279,5.152015301793966,3.9396919775577244,3.737772208940471,24.51282157397301,31.896850841764856,2.8275731221425904,2.954564013277726,3.041440899502479,1.954856500763071,1.4637484837549668
2021-09-01,273.91,279.698,281.366,245.302,190.308,337.357,3.3913200370155496,5.351215590949132,4.002855729865806,4.5803087238842854,24.705523499656845,24.410334187542503,3.1537137318334407,3.330502000672279,2.7702273283414347,2.27446365853709,0.6134736514675591
2021-10-01,276.55,281.668,283.972,254.756,197.214,338.948,3.9390951864301975,6.235042390298062,4.590317334184912,5.310157869558263,29.902658161366148,26.44841117180887,3.5205438869223338,3.3913200370155496,2.954564013277726,2.7582118466010486,0.09855384275803146
2021-11-01,278.919,283.406,286.151,263.798,203.485,340.544,4.353384072539849,6.901970403700863,4.972572143965692,6.12492397157649,33.896059730886165,31.43582423118909,3.8874195014658275,3.9390951864301975,3.330502000672279,3.041440899502479,0.75440524563519
2021-12-01,280.845,285.18,287.812,267.899,211.728,341.931,4.436906791082282,7.174340285065539,5.488993530393094,6.289584572034235,30.25672193319395,37.29314727395341,4.178333236852438,4.353384072539849,3.3913200370155496,2.7702273283414347,1.6883872700681601
2022-01-01,282.543,286.757,290.077,270.189,215.494,342.858,3.7204311347567116,7.558805726967832,6.05428515424189,6.9625177455336695,27.16571751306067,40.51421156617394,4.359657266349082,4.436906791082282,3.9390951864301975,2.954564013277726,1.3330048068973703
2022-02-01,284.5,288.273,292.899,275.322,216.876,344.705,2.8102544724455507,7.937278766517819,6.4551151617656455,7.9115777839182,25.579040512310613,41.15212142117972,4.7340819873360696,3.7204311347567116,4.353384072539849,3.330502000672279,1.954856500763071
2022-03-01,287.674,289.056,295.546,303.099,209.646,346.396,2.8621596557466225,8.572204966013853,6.482378554404167,8.80222061876923,32.001985915676975,35.316594591105655,4.985346131348378,2.8102544724455507,4.436906791082282,3.3913200370155496,2.27446365853709
2022-04-01,288.561,290.514,298.339,295.455,206.194,348.23,3.543046900289815,8.231750770777225,6.158737119052837,9.395889481693342,30.010340806582914,22.730140590217008,5.139368614284678,2.8621596557466225,3.7204311347567116,3.9390951864301975,2.7582118466010486
2022-05-01,291.298,292.063,301.755,309.052,207.673,350.204,2.755473218562616,8.538171195642065,6.0254478790408905,10.15690025261744,34.45578497655033,16.06447250026546,5.447877366302234,3.543046900289815,2.8102544724455507,4.353384072539849,3.041440899502479
2022-06-01,294.957,294.05,304.834,330.456,208.687,352.616,2.4302400037327025,8.979361103105798,5.906335651591377,10.448301974296825,41.460512065341625,7.103558707902646,5.625833121152657,2.755473218562616,2.8621596557466225,4.436906791082282,2.7702273283414347
2022-07-01,294.913,295.088,308.193,314.345,206.552,354.68,1.845806096411104,8.462576727730099,5.899916740834321,10.935413389582195,32.92217786949021,6.616288312841312,5.733858802907177,2.4302400037327025,3.543046900289815,3.7204311347567116,2.954564013277726
2022-08-01,295.097,296.535,310.794,298.331,204.837,357.048,1.5312038211356984,8.222579178218826,6.286089097732228,11.39170639045195,23.947202233559906,7.771510948828286,6.257328389212624,1.845806096411104,2.755473218562616,2.8102544724455507,3.330502000672279
2022-09-01,296.349,298.226,312.901,294.103,203.94,359.601,1.0279918929849816,8.192106896425821,6.624287624509306,11.207821840591969,19.89425279859114,7.163125039409812,6.59360855117872,1.5312038211356984,2.4302400037327025,2.8621596557466225,3.3913200370155496
2022-10-01,298.007,299.399,315.038,299.945,201.171,362.353,1.122482314032245,7.758813957693,6.294999786983246,10.939810967278474,17.738149444959106,2.0064498463597813,6.905188996542244,1.0279918929849816,1.845806096411104,3.543046900289815,3.9390951864301975
2022-11-01,298.786,300.325,316.62,298.107,196.659,364.695,1.2741717874197052,7.122856456533988,5.969880665899807,10.64787472348514,13.005784729224645,-3.354547018207743,7.091888272881031,1.122482314032245,1.5312038211356984,2.755473218562616,4.353384072539849
2022-12-01,298.832,301.394,317.813,286.33,193.008,367.466,1.3392751303126056,6.404600402357152,5.685531944736666,10.423818325851597,6.879831578318685,-8.841532532305596,7.467880946740735,1.2741717874197052,1.0279918929849816,2.4302400037327025,4.436906791082282
2023-01-01,300.42,302.642,319.3,292.615,190.423,369.911,1.0821577004194745,6.327178517960097,5.539533472591773,10.074221672176709,8.300115844834544,-11.634198631980475,7.890438607236816,1.3392751303126056,1.122482314032245,1.845806096411104,3.7204311347567116
2023-02-01,301.45,304.123,320.543,288.702,187.711,372.636,-0.22507118250818023,5.957820738137087,5.498260329618088,9.438065681344089,4.859764203369155,-13.447776609675566,8.10287057048782,1.0821577004194745,1.2741717874197052,1.5312038211356984,2.8102544724455507
2023-03-01,301.821,305.147,320.554,282.868,186.619,374.678,-1.163503988520121,4.917719362889961,5.566741392671326,8.461626954856438,-6.6747168416919855,-10.983753565534272,8.164643933532712,-0.22507118250818023,1.3392751303126056,1.0279918929849816,2.8621596557466225
2023-04-01,302.845,306.534,321.213,280.86,192.647,376.404,-1.3102905239405387,4.950079879124369,5.514364195873522,7.667116937443663,-4.939838554094522,-6.570026285924902,8.09062975619561,-1.163503988520121,1.0821577004194745,1.122482314032245,3.543046900289815
2023-05-01,303.334,307.652,322.009,274.273,198.793,378.304,-1.5753028346402813,4.131851231385042,5.337547036084689,6.71206773707147,-11.253446022028657,-4.27595306082158,8.023894644264473,-1.3102905239405387,-0.22507118250818023,1.2741717874197052,2.755473218562616
2023-06-01,304.014,308.322,322.365,275.712,197.601,380.155,-1.1022664358287864,3.070617072997095,4.853596327155252,5.750998904321691,-16.566199433510064,-5.312261904191451,7.809912199106117,-1.5753028346402813,-1.163503988520121,1.3392751303126056,2.4302400037327025
2023-07-01,304.609,308.96,323.201,275.548,194.701,381.895,-0.9190845554249343,3.287749268428297,4.700970557935236,4.86967582002189,-12.342171817588966,-5.737538247027385,7.673113792714559,-1.1022664358287864,-1.3102905239405387,1.0821577004194745,1.845806096411104
2023-08-01,306.082,309.58,324.042,287.31,191.078,382.947,-1.082466243925234,3.722504803505289,4.399143440066089,4.2626305527133646,-3.694218837465768,-6.717048189536068,7.2536465685286045,-0.9190845554249343,-1.5753028346402813,-0.22507118250818023,1.5312038211356984
2023-09-01,307.276,310.539,324.379,292.623,187.65,385.285,-0.6528327995896486,3.687206638119256,4.128747996485882,3.668252897881441,-0.5032250606080257,-7.987643424536628,7.142360560732608,-1.082466243925234,-1.1022664358287864,-1.163503988520121,1.0279918929849816
2023-10-01,307.696,311.457,325.442,286.765,186.879,386.771,-0.37674968860126956,3.2512659098611785,4.027401561127464,3.3024587510078085,-4.3941389254696706,-7.1044037162414035,6.738732672283665,-0.6528327995896486,-0.9190845554249343,-1.3102905239405387,1.122482314032245
2023-11-01,308.148,312.392,325.93,282.146,189.444,388.525,0.1704839578527543,3.1333462745911866,4.017980521102138,2.9404333270166116,-5.354117816757076,-3.6687870883102214,6.5342272309738325,-0.37674968860126956,-1.082466243925234,-1.5753028346402813,1.2741717874197052
2023-12-01,308.741,313.195,326.434,280.763,190.57,390.139,-0.16021262217156276,3.3159099427102934,3.9154727698627045,2.7126014354353245,-1.944260119442609,-1.2631600762662787,6.170094648212343,0.1704839578527543,-0.6528327995896486,-1.1022664358287864,1.3392751303126056
2024-01-01,309.698,314.319,327.424,279.953,183.189,392.322,-0.34777714426033735,3.0883429864855705,3.8583540949372663,2.544315690573118,-4.327187601455851,-3.798910845853709,6.05848433812457,-0.16021262217156276,-0.37674968860126956,-0.9190845554249343,1.0821577004194745
2024-02-01,310.967,315.564,327.707,283.331,185.254,394.078,-0.19400364724417532,3.157074141648697,3.7619647313751337,2.2349575563964885,-1.8603958406938625,-1.3089270207926162,5.754140770081251,-0.34777714426033735,0.1704839578527543,-1.082466243925234,-0.22507118250818023
2024-03-01,312.345,316.792,327.774,288.688,184.6,395.827,-0.3587312896597336,3.4868349120836584,3.8161935067360986,2.2523506179926045,2.057496782951773,-1.0818834095135066,5.644580146152167,-0.19400364724417532,-0.16021262217156276,-0.6528327995896486,-1.163503988520121
2024-04-01,313.023,317.649,328.449,287.611,181.983,397.196,-0.9637337499394131,3.3607951262196734,3.6260251717590952,2.2527108180553146,2.403688670511994,-5.53551314061469,5.523852031328058,-0.3587312896597336,-0.34777714426033735,-0.37674968860126956,-1.3102905239405387
2024-05-01,313.175,318.095,328.949,284.165,180.577,398.689,-0.5867275807852418,3.244278584003113,3.394419668976645,2.1552192640578394,3.6066255154535876,-9.163300518629935,5.388523515479626,-0.9637337499394131,-0.19400364724417532,0.1704839578527543,-1.5753028346402813
2024-06-01,313.044,318.39,329.6,278.284,177.965,399.699,-0.354309639427398,2.9702579486470926,3.2654173234475614,2.24435034820778,0.93285747446612,-9.937196674105897,5.141060883060877,-0.5867275807852418,-0.3587312896597336,-0.16021262217156276,-1.1022664358287864
2024-07-01,313.569,318.94,330.329,278.287,175.308,401.139,-0.05410468698643153,2.9414757935583014,3.2301916105644812,2.205438720796038,0.9940191908487828,-9.96040081971844,5.0390814229042125,-0.354309639427398,-0.9637337499394131,-0.34777714426033735,-0.9190845554249343
2024-08-01,314.062,319.75,330.748,275.706,174.703,402.895,0.21405630330780454,2.607144490692037,3.2850959364300047,2.0694848198690385,-4.038843061501507,-8.56979872094119,5.209075929567275,-0.05410468698643153,-0.5867275807852418,-0.19400364724417532,-1.082466243925234
2024-09-01,314.732,320.732,331.753,272.681,175.834,403.956,0.10600604132322833,2.4264830315416708,3.2823574494668994,2.2732667651111704,-6.814912019902741,-6.296829203304021,4.846023073828465,0.21405630330780454,-0.354309639427398,-0.3587312896597336,-0.6528327995896486
2024-10-01,315.631,321.731,332.463,273.003,177.734,405.721,-0.37590647415225953,2.578844053871343,3.298689706765301,2.1573736641244956,-4.799051488152317,-4.893540740265079,4.89954003790356,0.10600604132322833,-0.05410468698643153,-0.9637337499394131,-0.37674968860126956
2024-11-01,316.528,322.657,333.629,273.281,179.904,407.114,-0.2903976915367684,2.719472461284833,3.2859356193500444,2.362163654772509,-3.141990317069887,-5.035788940267305,4.784505501576475,-0.37590647415225953,0.21405630330780454,-0.5867275807852418,0.1704839578527543
2024-12-01,317.604,323.259,334.464,279.829,181.705,408.165,-0.2744033107905979,2.870690967509981,3.2133335461932644,2.4599153274474927,-0.3326649166734863,-4.651833971768893,4.620404522490706,-0.2903976915367684,0.10600604132322833,-0.354309639427398,-0.16021262217156276
2025-01-01,318.961,324.638,335.441,282.272,184.891,409.579,-0.1872954478375674,2.9909783078999608,3.282970485398584,2.44850713448006,0.8283533307376745,0.9290950875871395,4.398682714708846,-0.2744033107905979,-0.37590647415225953,-0.05410468698643153,-0.34777714426033735
2025-02-01,319.679,325.465,336.065,282.096,186.557,410.793,-0.003514997518234131,2.8015834477613355,3.13755688228059,2.5504490291632376,-0.4358859425901196,0.7033586319323826,4.241546089860382,-0.1872954478375674,-0.2903976915367684,0.21405630330780454,-0.19400364724417532
2025-03-01,319.785,325.69,337.331,278.906,185.728,411.639,-0.18607441440772746,2.381981462805549,2.808783050077035,2.9157285202609184,-3.3884331873856866,0.6110509209100945,3.99467444110686,-0.003514997518234131,-0.2744033107905979,0.10600604132322833,-0.3587312896597336
2025-04-01,320.302,326.467,337.493,277.343,184.8,413.04,-0.23993640889829274,2.32538823025783,2.7760200724699313,2.753547734960371,-3.5700998918678284,1.5479467862382856,3.988962628022441,-0.18607441440772746,-0.1872954478375674,-0.37590647415225953,-0.9637337499394131
2025-05-01,320.62,326.893,338.474,275.377,183.664,414.109,0.2902599650959229,2.3772651073680873,2.7658403935930886,2.895585637895226,-3.0925694578853857,1.7095200385430998,3.867676309103074,-0.23993640889829274,-0.003514997518234131,-0.2903976915367684,-0.5867275807852418
2025-06-01,321.435,327.658,339.468,276.558,182.833,414.981,0.09604745093571575,2.680453865910226,2.910895442696071,2.9939320388349566,-0.6202296934067375,2.735369314190983,3.823377091261171,0.2902599650959229,-0.18607441440772746,-0.2744033107905979,-0.354309639427398
2025-07-01,322.169,328.682,339.891,274.85,183.746,415.931,0.026895492652924072,2.742618052167134,3.0544930080893096,2.8946898395236342,-1.2350558955322888,4.813242978072885,3.6874998441936535,0.09604745093571575,-0.23993640889829274,-0.1872954478375674,-0.05410468698643153
2025-08-01,323.291,329.7,341.32,276.734,185.259,417.555,-0.08146067309317137,2.9385917430316155,3.111806098514469,3.1963912102265235,0.37286094608022236,6.042254569183125,3.6386651608980136,0.026895492652924072,0.2902599650959229,-0.003514997518234131,0.21405630330780454
2025-09-01,324.245,330.418,342.086,280.7,184.869,418.422,-0.017273669535335056,3.0225715847133294,3.0199668258857892,3.1146666345142293,2.940798955556123,5.138369143624089,3.581083088257131,-0.08146067309317137,0.09604745093571575,-0.18607441440772746,0.10600604132322833
2025-10-01,,,,,186.111,,-0.07244025701966952,,,,,4.713223131196043,,-0.017273669535335056,0.026895492652924072,-0.23993640889829274,-0.37590647415225953
2025-11-01,325.063,331.043,342.386,284.648,186.298,419.431,-0.12268219577603202,2.6964439164939513,2.5990448060944082,2.6247718273891163,4.159454920027383,3.5541177516897893,3.0254425050477263,-0.07244025701966952,-0.08146067309317137,0.2902599650959229,-0.2903976915367684
2025-12-01,326.031,331.814,344.632,285.624,184.668,421.039,0.5773406745139967,2.653304114557753,2.6464847073089937,3.0400880214312975,2.0709075899924656,1.630665089017902,3.1541165950044636,-0.12268219577603202,-0.017273669535335056,0.09604745093571575,-0.2744033107905979
2026-01-01,326.588,332.793,345.271,281.436,181.269,421.965,0.45405730606685013,2.391201432150014,2.512028782828879,2.9304706341800824,-0.296168234894012,-1.958992054778208,3.024080824456332,0.5773406745139967,-0.07244025701966952,0.026895492652924072,-0.1872954478375674
2026-02-01,327.46,333.512,346.622,283.223,180.589,422.942,0.5662966897294538,2.4340041103732224,2.4724624767640258,3.1413565828039225,0.3995093868753852,-3.1990222827339543,2.9574505894696346,0.45405730606685013,-0.12268219577603202,-0.08146067309317137,-0.003514997518234131
2026-03-01,330.293,334.165,346.603,314.019,179.83,424.069,0.7127564049888199,3.2859577528651984,2.602167705486824,2.7486356130921763,12.589546298752975,-3.1756116471398976,3.019636137489412,0.5662966897294538,0.5773406745139967,-0.017273669535335056,-0.18607441440772746
2026-04-01,332.407,335.423,348.349,325.978,179.822,426.642,1.8368879503044038,3.7792458367415627,2.7433094309685213,3.2166593084893558,17.536047421424005,-2.6937229437229537,3.293143521208597,0.7127564049888199,0.45405730606685013,-0.07244025701966952,-0.23993640889829274
2026-05-01,333.979,336.121,348.892,338.639,180.005,427.998,1.8101512197556624,4.166614684049641,2.8229420636110225,3.0779321306806384,22.972869920145843,-1.992224932485409,3.353947873627483,1.8368879503044038,0.5662966897294538,-0.12268219577603202,0.2902599650959229
2026-06-01,332.568,336.065,349.609,319.29,179.591,428.501,1.2494016683022036,3.463530729385411,2.5657850563697515,2.987321338093718,15.45137005619075,-1.7732028681911816,3.2579804858535732,1.8101512197556624,0.7127564049888199,0.5773406745139967,0.09604745093571575
